Algorithm,Runs,Best Reward,Worst Reward,Mean Reward,Std Reward,Best Fraud Caught,Mean Fraud Caught,Mean Fraud Missed
PPO,10,131.72499999999997,39.25724999999999,91.54361499999999,30.469372523104152,13.4,10.07,1.65
DQN,10,118.525,52.52499999999999,88.335,19.697628170811726,11.2,10.08,3.44
A2C,10,87.94969999999998,-162.875,26.597474999999992,79.53112170922725,10.8,7.789999999999999,4.05
REINFORCE,10,55.65509999999998,-8.095000000000002,12.995419999999996,21.955723727591696,8.1,4.34,0.34
