Algorithm,Runs,Best Reward,Worst Reward,Mean Reward,Std Reward,Best Fraud Caught,Mean Fraud Caught,Mean Fraud Missed
A2C,10,229.825,-160.775,168.765,117.98375782755485,15.4,11.67,1.3000000000000003
DQN,10,226.225,202.225,218.20499999999998,9.155908838922912,14.3,13.420000000000002,0.0
PPO,10,219.925,148.72499999999997,199.655,20.906620429370648,14.4,12.790000000000001,0.15999999999999998
REINFORCE,10,148.53485,-11.095,92.86469,69.4500910119786,14.2,9.7,0.41
